username,billingName,cardNumber,billingAddress,expiryDate,cvv
username1,Harry Potter,1234120000000000,Hogwarts,22-Jul,123
username2,Hermione Granger,2345230000000000,Hogwarts,25-Nov,234
username3,Neville Longbottom,3456350000000000,Hogwarts,22-Dec,345
username4,Draco Malfoy,4567460000000000,Hogwarts,20-Apr,456
username5,Luna Lovegood,6789680000000000,Hogwarts,23-May,567
username6,Albus Dumbledore,5678570000000000,Hogwarts,24-Jun,678
username7,Severus Snape,9876990000000000,Hogwarts,24-Aug,789
username8,Ron Weasley,6543650000000000,Hogwarts,24-Sep,890
username9,Ginny Weasley,8765880000000000,Hogwarts,21-Oct,987
username10,Remus Lupin,4321430000000000,Hogwarts,5-Jan,876